{
    "display": {
        "icon": {
            "item": "minecraft:villager_spawn_egg"
        },
        "title": {
            "text": "Villager Shop Creator",
            "color": "yellow",
            "bold": false,
            "italic": false
        },
        "description": {
            "text": "Allows Admins to create their own villager shops",
            "color": "aqua",
            "bold": false,
            "italic": true
        },
        "show_toast": false,
        "announce_to_chat": false,
        "frame": "goal"
    },
    "parent": "mwngu:main/root",
    "criteria": {
        "tick": {
            "trigger": "minecraft:tick"
        }
    }
} 